{"cameraMode":{"drawMode":0,"name":"Shaded","section":"Shading Mode"},"sceneLighting":true,"audioPlay":false,"sceneViewState":{"showFog":true,"showMaterialUpdate":false,"showSkybox":true,"showFlares":true,"showImageEffects":true,"showParticleSystems":true},"in2DMode":false,"pivot":{"x":0.6691737174987793,"y":-0.30435067415237429,"z":1.4435503482818604},"rotation":{"x":-0.1498233675956726,"y":-0.5194379091262817,"z":0.09307880699634552,"w":-0.8361081480979919},"size":1.2302639484405518,"orthographic":false}